<?xml version="1.0"?>
	<theme-info xmlns="https://www.elkarte.net/site/theme-info" xmlns:elk="https://www.elkarte.net/">
		<!-- For the id, always use something unique - put your name, a colon, and then the package name. -->
		<id>spuds:StormCloud</id>
		<version>1.2</version>
		<!-- Theme name, used purely for aesthetics. -->
		<name>Storm Cloud</name>
		<!-- Author: your email address or contact information. The name attribute is optional. -->
		<author name="Your Name">info@youremailaddress.tld</author>
		<!-- Website... where to get updates and more information. -->
		<website>https://elkarte.github.io/themes/</website>
		<!-- Template layers to use, defaults to "html,body". -->
		<layers>html,body</layers>
		<!-- Templates to load on startup. Default is "index". -->
		<templates>index</templates>
		<!-- Base this theme off another? Default is blank, or no. It could be "default". -->
		<based-on></based-on>
	</theme-info>